{
  "accuracy": 0.9849445492906974,
  "report": {
    "0": {
      "precision": 0.9899884288373497,
      "recall": 0.9746891871811383,
      "f1-score": 0.9822792392552289,
      "support": 20189.0
    },
    "1": {
      "precision": 0.9812697016347776,
      "recall": 0.9926214312198739,
      "f1-score": 0.9869129248691293,
      "support": 26970.0
    },
    "accuracy": 0.9849445492906974,
    "macro avg": {
      "precision": 0.9856290652360636,
      "recall": 0.983655309200506,
      "f1-score": 0.9845960820621791,
      "support": 47159.0
    },
    "weighted avg": {
      "precision": 0.9850022316607053,
      "recall": 0.9849445492906974,
      "f1-score": 0.9849292212524487,
      "support": 47159.0
    }
  }
}