{
  "accuracy": 0.999,
  "report": {
    "0": {
      "precision": 1.0,
      "recall": 0.9976851851851852,
      "f1-score": 0.9988412514484357,
      "support": 432.0
    },
    "1": {
      "precision": 0.9982425307557118,
      "recall": 1.0,
      "f1-score": 0.9991204925241864,
      "support": 568.0
    },
    "accuracy": 0.999,
    "macro avg": {
      "precision": 0.9991212653778558,
      "recall": 0.9988425925925926,
      "f1-score": 0.9989808719863111,
      "support": 1000.0
    },
    "weighted avg": {
      "precision": 0.9990017574692442,
      "recall": 0.999,
      "f1-score": 0.998999860379462,
      "support": 1000.0
    }
  },
  "confusion_matrix": [
    [
      431,
      1
    ],
    [
      0,
      568
    ]
  ],
  "FPR": 0.0023148148148094566,
  "FNR": 0.0,
  "MCC": 0.9979638190619639,
  "ROC_AUC": 1.0
}