{
  "url_only": {
    "accuracy": 0.998,
    "precision_phish": 0.9965065502183406,
    "recall_phish": 1.0,
    "f1_phish": 0.9982502187226596
  },
  "dom_only": {
    "accuracy": 0.989,
    "precision_phish": 0.989501312335958,
    "recall_phish": 0.9912357581069238,
    "f1_phish": 0.9903677758318739
  },
  "visual_only": {
    "accuracy": 0.95,
    "precision_phish": 1.0,
    "recall_phish": 0.7777777777777778,
    "f1_phish": 0.875
  },
  "url_dom": {
    "accuracy": 1.0,
    "precision_phish": 1.0,
    "recall_phish": 1.0,
    "f1_phish": 1.0
  },
  "url_visual": {
    "accuracy": 0.998,
    "precision_phish": 0.9965065502183406,
    "recall_phish": 1.0,
    "f1_phish": 0.9982502187226596
  },
  "dom_visual": {
    "accuracy": 0.9895,
    "precision_phish": 0.9903677758318739,
    "recall_phish": 0.9912357581069238,
    "f1_phish": 0.9908015768725361
  },
  "all_modalities": {
    "accuracy": 1.0,
    "precision_phish": 1.0,
    "recall_phish": 1.0,
    "f1_phish": 1.0
  }
}