{
  "url_only": {
    "accuracy": 0.995,
    "precision_phish": 0.9912739965095986,
    "recall_phish": 1.0,
    "f1_phish": 0.9956178790534619
  },
  "dom_only": {
    "accuracy": 0.987,
    "precision_phish": 0.9876977152899824,
    "recall_phish": 0.9894366197183099,
    "f1_phish": 0.9885664028144239
  },
  "visual_only": {
    "accuracy": 0.9230769230769231,
    "precision_phish": 1.0,
    "recall_phish": 0.7777777777777778,
    "f1_phish": 0.875
  },
  "url_dom": {
    "accuracy": 1.0,
    "precision_phish": 1.0,
    "recall_phish": 1.0,
    "f1_phish": 1.0
  },
  "url_visual": {
    "accuracy": 0.995,
    "precision_phish": 0.9912739965095986,
    "recall_phish": 1.0,
    "f1_phish": 0.9956178790534619
  },
  "dom_visual": {
    "accuracy": 0.987,
    "precision_phish": 0.9876977152899824,
    "recall_phish": 0.9894366197183099,
    "f1_phish": 0.9885664028144239
  },
  "all_modalities": {
    "accuracy": 1.0,
    "precision_phish": 1.0,
    "recall_phish": 1.0,
    "f1_phish": 1.0
  }
}