{
  "accuracy": 0.9987277083907632,
  "report": {
    "0": {
      "precision": 1.0,
      "recall": 0.997028084600525,
      "f1-score": 0.9985118309439952,
      "support": 20189.0
    },
    "1": {
      "precision": 0.9977802441731409,
      "recall": 1.0,
      "f1-score": 0.9988888888888889,
      "support": 26970.0
    },
    "accuracy": 0.9987277083907632,
    "macro avg": {
      "precision": 0.9988901220865705,
      "recall": 0.9985140423002625,
      "f1-score": 0.9987003599164421,
      "support": 47159.0
    },
    "weighted avg": {
      "precision": 0.9987305325674761,
      "recall": 0.9987277083907632,
      "f1-score": 0.9987274685269335,
      "support": 47159.0
    }
  },
  "confusion_matrix": [
    [
      20129,
      60
    ],
    [
      0,
      26970
    ]
  ],
  "FPR": 0.0029719153994748142,
  "FNR": 0.0,
  "MCC": 0.9974040934847777,
  "ROC_AUC": 0.9985631867102085,
  "features_used": [
    "URLLength",
    "DomainLength",
    "IsDomainIP",
    "URLSimilarityIndex",
    "CharContinuationRate",
    "TLDLength",
    "NoOfSubDomain",
    "HasObfuscation",
    "NoOfObfuscatedChar",
    "ObfuscationRatio"
  ],
  "num_features": 10,
  "note": "Production model using only computable features (no external databases required)"
}